Inputfile,Par_per_doc,Zin_per_doc,Word_per_doc,Alpino_status,wrd_freq_log_zn_corr,wrd_freq_zn_log,Conc_nw_ruim_p,Conc_nw_strikt_p,Alg_nw_d,Pers_ref_d,Pers_vnw_d,Wrd_per_zin,Wrd_per_dz,Inhwrd_dz_zonder_abw,AL_max,Bijzin_per_zin,Bijv_bep_dz_zbijzin,Extra_KConj_dz,MTLD_inhwrd_zonder_abw,Let_per_wrd,Wrd_per_let,Let_per_wrd_zn,Wrd_per_let_zn,Morf_per_wrd,Wrd_per_morf,Morf_per_wrd_zn,Wrd_per_morf_zn,Namen_p,Namen_d,Wrd_prev,Wrd_prev_z,Inhwrd_prev,Inhwrd_prev_z,Dekking_inhwrd_prev,Freq50_staph,Freq65_Staph,Freq77_Staph,Freq80_Staph,Wrd_freq_log,Lem_freq_log,Lem_freq_zn_log,Wrd_freq_log_zonder_abw,Wrd_freq_zn_log_zonder_abw,Lem_freq_log_zonder_abw,Lem_freq_zn_log_zonder_abw,Freq1000,Freq2000,Freq3000,Freq5000,Freq10000,Freq20000,Freq1000_inhwrd,Freq2000_inhwrd,Freq3000_inhwrd,Freq5000_inhwrd,Freq10000_inhwrd,Freq20000_inhwrd,Freq1000_inhwrd_zonder_abw,Freq2000_inhwrd_zonder_abw,Freq3000_inhwrd_zonder_abw,Freq5000_inhwrd_zonder_abw,Freq10000_inhwrd_zonder_abw,Freq20000_inhwrd_zonder_abw,Samenst_d,Samenst_p,Samenst3_d,Samenst3_p,Let_per_wrd_nw,Let_per_wrd_nsam,Let_per_wrd_sam,Let_per_wrd_hfdwrd,Let_per_wrd_satwrd,Let_per_wrd_nw_corr,Let_per_wrd_corr,Wrd_freq_log_nw,Wrd_freq_log_ong_nw,Wrd_freq_log_sam_nw,Wrd_freq_log_hfdwrd,Wrd_freq_log_satwrd,Wrd_freq_log_(hfd_sat),Wrd_freq_log_nw_corr,Wrd_freq_log_corr,Wrd_freq_log_corr_zonder_abw,Wrd_freq_log_zn_corr_zonder_abw,Freq1000_nw,Freq5000_nw,Freq20000_nw,Freq1000_nsam_nw,Freq5000_nsam_nw,Freq20000_nsam_nw,Freq1000_sam_nw,Freq5000_sam_nw,Freq20000_sam_nw,Freq1000_hfdwrd_nw,Freq5000_hfdwrd_nw,Freq20000_hfdwrd_nw,Freq1000_satwrd_nw,Freq5000_satwrd_nw,Freq20000_satwrd_nw,Freq1000_nw_corr,Freq5000_nw_corr,Freq20000_nw_corr,Freq1000_corr,Freq5000_corr,Freq20000_corr,Zin_per_wrd,Dzin_per_wrd,Wrd_per_nwg,Betr_bijzin_per_zin,Bijw_bijzin_per_zin,Compl_bijzin_per_zin,Fin_bijzin_per_zin,Mv_fin_inbed_per_zin,Infin_compl_bep_per_zin,Mv_inbed_per_zin,Betr_bijzin_los,Bijw_compl_bijzin_los,Pv_hzin_per_zin,Pv_bijzin_per_zin,Pv_ww1_per_zin,Hzin_conj,Bijzin_conj,Ww1_conj,Pv_Alpino_per_zin,Pv_Frog_d,Pv_Frog_per_zin,D_level,D_level_gt4_p,Nom_d,Lijdv_d,Lijdv_dz,Ontk_zin_d,Ontk_zin_dz,Ontk_morf_d,Ontk_morf_dz,Ontk_tot_d,Ontk_tot_dz,Meerv_ontk_d,Meerv_ontk_dz,AL_sub_ww,AL_ob_ww,AL_indirob_ww,AL_ww_vzg,AL_lidw_znw,AL_vz_znw,AL_ww_wwvc,AL_vg_wwbijzin,AL_vg_conj,AL_vg_wwhoofdzin,AL_znw_bijzin,AL_ww_schdw,AL_ww_znwpred,AL_ww_bnwpred,AL_ww_bnwbwp,AL_ww_bwbwp,AL_ww_znwbwp,AL_gem,Bijw_bep_d,Bijw_bep_dz,Bijw_bep_dz_zbijzin,Bijw_bep_alg_d,Bijw_bep_alg_dz,Bijv_bep_d,Bijv_bep_dz,Attr_bijv_nw_d,Attr_bijv_nw_dz,Ov_bijv_bep_d,Ov_bijv_bep_dz,KConj_per_zin,Extra_KConj_per_zin,KConj_dz,Props_dz_tot,TTR_wrd,MTLD_wrd,TTR_lem,MTLD_lem,TTR_namen,MTLD_namen,TTR_inhwrd,MTLD_inhwrd,TTR_inhwrd_zonder_abw,Inhwrd_d,Inhwrd_dz,Inhwrd_d_zonder_abw,Zeldz_index,Vnw_ref_d,Vnw_ref_dz,Arg_over_vzin_d,Arg_over_vzin_dz,Lem_over_vzin_d,Lem_over_vzin_dz,Arg_over_buf_d,Arg_over_buf_dz,Lem_over_buf_d,Lem_over_buf_dz,Onbep_nwg_p,Onbep_nwg_dz,Conn_d,Conn_dz,Conn_TTR,Conn_MTLD,Conn_temp_d,Conn_temp_dz,Conn_temp_TTR,Conn_temp_MTLD,Conn_reeks_wg_d,Conn_reeks_wg_dz,Conn_reeks_wg_TTR,Conn_reeks_wg_MTLD,Conn_reeks_zin_d,Conn_reeks_zin_dz,Conn_reeks_zin_TTR,Conn_reeks_zin_MTLD,Conn_contr_d,Conn_contr_dz,Conn_contr_TTR,Conn_contr_MTLD,Conn_comp_d,Conn_comp_dz,Conn_comp_TTR,Conn_comp_MTLD,Conn_caus_d,Conn_caus_dz,Conn_caus_TTR,Conn_caus_MTLD,Causaal_d,Ruimte_d,Tijd_d,Emotie_d,Causaal_TTR,Causaal_MTLD,Ruimte_TTR,Ruimte_MTLD,Tijd_TTR,Tijd_MTLD,Emotie_TTR,Emotie_MTLD,Conc_nw_strikt_d,Conc_nw_ruim_d,Pers_nw_p,Pers_nw_d,PlantDier_nw_p,PlantDier_nw_d,Gebr_vw_nw_p,Gebr_vw_nw_d,Subst_conc_nw_p,Subst_conc_nw_d,Voed_verz_nw_p,Voed_verz_nw_d,Concr_ov_nw_p,Concr_ov_nw_d,Gebeuren_conc_nw_p,Gebeuren_conc_nw_d,Plaats_nw_p,Plaats_nw_d,Tijd_nw_p,Tijd_nw_d,Maat_nw_p,Maat_nw_d,Subst_abstr_nw_p,Subst_abstr_nw_d,Gebeuren_abstr_nw_p,Gebeuren_abstr_nw_d,Organisatie_nw_p,Organisatie_nw_d,Ov_abstr_nw_p,Ov_abstr_nw_d,Undefined_nw_p,Gedekte_nw_p,Alg_nw_p,Alg_nw_afz_sit_d,Alg_nw_afz_sit_p,Alg_nw_rel_sit_d,Alg_nw_rel_sit_p,Alg_nw_hand_d,Alg_nw_hand_p,Alg_nw_kenn_d,Alg_nw_kenn_p,Alg_nw_disc_caus_d,Alg_nw_disc_caus_p,Alg_nw_ontw_d,Alg_nw_ontw_p,Waarn_mens_bvnw_p,Waarn_mens_bvnw_d,Emosoc_bvnw_p,Emosoc_bvnw_d,Waarn_nmens_bvnw_p,Waarn_nmens_bvnw_d,Vorm_omvang_bvnw_p,Vorm_omvang_bvnw_d,Kleur_bvnw_p,Kleur_bvnw_d,Stof_bvnw_p,Stof_bvnw_d,Geluid_bvnw_p,Geluid_bvnw_d,Waarn_nmens_ov_bvnw_p,Waarn_nmens_ov_bvnw_d,Technisch_bvnw_p,Technisch_bvnw_d,Tijd_bvnw_p,Tijd_bvnw_d,Plaats_bvnw_p,Plaats_bvnw_d,Spec_positief_bvnw_p,Spec_positief_bvnw_d,Spec_negatief_bvnw_p,Spec_negatief_bvnw_d,Alg_positief_bvnw_p,Alg_positief_bvnw_d,Alg_negatief_bvnw_p,Alg_negatief_bvnw_d,Alg_ev_zr_bvnw_p,Alg_ev_zr_bvnw_d,Ep_positief_bvnw_p,Ep_positief_bvnw_d,Ep_negatief_bvnw_p,Ep_negatief_bvnw_d,Ov_abstr_bvnw_p,Ov_abstr_bvnw_d,Spec_ev_bvnw_p,Spec_ev_bvnw_d,Alg_ev_bvnw_p,Alg_ev_bvnw_d,Ep_ev_bvnw_p,Ep_ev_bvnw_d,Conc_bvnw_strikt_p,Conc_bvnw_strikt_d,Conc_bvnw_ruim_p,Conc_bvnw_ruim_d,Subj_bvnw_p,Subj_bvnw_d,Undefined_bvnw_p,Gelabeld_bvnw_p,Gedekte_bvnw_p,Conc_ww_p,Conc_ww_d,Abstr_ww_p,Abstr_ww_d,Undefined_ww_p,Gedekte_ww_p,Alg_ww_d,Alg_ww_p,Alg_ww_afz_sit_d,Alg_ww_afz_sit_p,Alg_ww_rel_sit_d,Alg_ww_rel_sit_p,Alg_ww_hand_d,Alg_ww_hand_p,Alg_ww_kenn_d,Alg_ww_kenn_p,Alg_ww_disc_caus_d,Alg_ww_disc_caus_p,Alg_ww_ontw_d,Alg_ww_ontw_p,Conc_tot_p,Conc_tot_d,Alg_bijw_d,Alg_bijw_p,Spec_bijw_d,Spec_bijw_p,Gedekte_bw_p,Pers_vnw1_d,Pers_vnw2_d,Pers_vnw3_d,Pers_namen_p, Pers_namen_p2, Pers_namen_d, Plaatsnamen_d,Org_namen_d, Prod_namen_d, Event_namen_d,Actieww_p,Actieww_d,Toestww_p,Toestww_d,Procesww_p,Procesww_d,Undefined_ATP_ww_p,Ww_tt_p,Ww_tt_dz,Ww_mod_d_,Ww_mod_dz,Huww_tijd_d,Huww_tijd_dz,Koppelww_d,Koppelww_dz,Infin_bv_d,Infin_bv_dz,Infin_nw_d,Infin_nw_dz,Infin_vrij_d,Infin_vrij_dz,Vd_bv_d,Vd_bv_dz,Vd_nw_d,Vd_nw_dz,Vd_vrij_d,Vd_vrij_dz,Ovd_bv_d,Ovd_bv_dz,Ovd_nw_d,Ovd_nw_dz,Ovd_vrij_d,Ovd_vrij_dz,Imp_ellips_p,Imp_ellips_d,Vragen_p,Vragen_d,Bvnw_d,Vg_d,Vnw_d,Lidw_d,Vz_d,Bijw_d,Tw_d,Nw_d,Ww_d,Tuss_d,Spec_d,Interp_d,Afk_d,Afk_gen_d,Afk_int_d,Afk_jur_d,Afk_med_d,Afk_ond_d,Afk_pol_d,Afk_ov_d,Afk_zorg_d,Vzu_d,Vzu_dz,Arch_d,Int_d,Int_bvnw_d,Int_bvbw_d,Int_bw_d,Int_combi_d,Int_nw_d,Int_tuss_d,Int_ww_d,Form_d,Form_d_z_vnw,Form_bvnw_d,Form_bw_d,Form_vgw_d,Form_vnw_d,Form_vz_d,Form_vzg_d,Form_ww_d,Form_znw_d,Log_prob_fwd,Log_prob_fwd_inhwrd,Log_prob_fwd_zn,Log_prob_fwd_inhwrd_zn,Entropie_fwd,Entropie_fwd_norm,Perplexiteit_fwd,Perplexiteit_fwd_norm,Log_prob_bwd,Log_prob_bwd_inhwrd,Log_prob_bwd_zn,Log_prob_bwd_inhwrd_zn,Entropie_bwd,Entropie_bwd_norm,Perplexiteit_bwd,Perplexiteit_bwd_norm,Eigen_classificatie,LiNT_score1,LiNT_niveau1,LiNT_score2,LiNT_niveau2
input/AVI_2_de_bloem_is_mooi.txt,1,21,133,0,5.169,5.169,1,0.783784,0,187.97,75.188,6.33333,5.32,2.4,2,0.047619,0.04,0.04,8.7538,3.57143,0.280000,3.59504,0.278161,1.11278,0.898649,1.12397,0.889706,0.324324,90.2256,0.991356,2.80001,0.986028,2.74907,0.971014,0.511278,0.706767,0.812030,0.819549,4.90456,5.11369,5.42144,4.63881,4.88640,4.87911,5.18593,0.699248,0.751880,0.766917,0.834586,0.857143,0.887218,0.449275,0.550725,0.579710,0.710145,0.753623,0.811594,0.366667,0.483333,0.516667,0.666667,0.716667,0.783333,0.00000,0.00000,0.00000,0.00000,4.76000,4.76000,NA,NA,NA,4.76000,3.57143,4.38647,4.38647,NA,NA,NA,NA,4.38647,4.90456,4.63881,4.88640,0.160000,0.760000,1.00000,0.160000,0.760000,1.00000,NA,NA,NA,NA,NA,NA,NA,NA,NA,0.160000,0.760000,1.00000,0.699248,0.827068,0.872180,0.157895,0.187970,6.33333,0.00000,0.0476190,0.00000,0.0476190,0.00000,0.00000,0.00000,0.00000,0.00000,0.952381,0.00000,0.238095,0.0952381,0.00000,0.00000,1.19048,187.970,1.19048,0.619048,0.0476190,0.00000,0.00000,0.00000,37.5940,0.200000,0.00000,0.00000,37.5940,0.200000,0.00000,0.00000,0.68,0.875,NA,1.23077,0,1,3,NA,0.5,NA,NA,0.333333,0,2.33333,1,1,NA,0.684214,90.2256,0.480000,0.440000,37.5940,0.200000,7.51880,0.0400000,0.00000,0.00000,7.51880,0.0400000,0.0952381,0.0476190,0.0800000,1.52000,0.496241,27.3666,0.481203,26.6000,0.250000,2.40000,0.550725,10.1013,0.533333,518.797,2.76000,451.128,0.00000,112.782,0.600000,150.376,0.800000,150.376,0.800000,127.820,0.680000,142.857,0.760000,0.173913,0.320000,7.51880,0.0400000,1.00000,1.00000,0.00000,0.00000,NA,0.00000,15.0376,0.0800000,0.500000,0.00000,0.00000,0.00000,NA,0.00000,7.51880,0.0400000,1.00000,1.00000,0.00000,0.00000,NA,0.00000,0.00000,0.00000,NA,0.00000,0.00000,22.5564,7.51880,7.51880,NA,0.00000,0.666667,3.00000,1.00000,1.00000,1.00000,1.00000,218.045,278.195,0.351351,97.7444,0.324324,90.2256,0.108108,30.0752,0.00000,0.00000,0.00000,0.00000,0.00000,0.00000,0.00000,0.00000,0.216216,60.1504,0.00000,0.00000,0.00000,0.00000,0.00000,0.00000,0.00000,0.00000,0.00000,0.00000,0.00000,0.00000,0.00000,1.00000,0.00000,0.00000,0.00000,0.00000,0.00000,0.00000,0.00000,0.00000,0.00000,0.00000,0.00000,0.00000,0.00000,0.00000,0.00000,0.400000,15.0376,0.00000,0.00000,0.00000,0.00000,0.00000,0.00000,0.00000,0.00000,0.00000,0.00000,0.00000,0.00000,0.00000,0.00000,0.00000,0.00000,0.00000,0.00000,0.00000,0.00000,0.00000,0.00000,0.400000,15.0376,0.00000,0.00000,0.200000,7.51880,0.00000,0.00000,0.00000,0.00000,0.00000,0.00000,0.00000,0.00000,0.600000,22.5564,0.00000,0.00000,0.400000,15.0376,0.400000,15.0376,0.600000,22.5564,0.00000,1.00000,1.00000,0.0740741,15.0376,0.518519,105.263,0.407407,1.00000,0.00000,0.00000,0.00000,0.00000,0.00000,0.00000,0.00000,0.00000,0.00000,0.00000,0.00000,0.00000,0.00000,0.00000,0.478261,248.120,45.1128,0.666667,22.5564,0.333333,1.00000,7.51880,7.51880,60.1504,1.00000,0.378378,105.263,0.00000,0.00000,0.00000,0.00000,0.222222,45.1128,0.555556,112.782,0.0740741,15.0376,0.111111,187.970,1.00000,22.5564,0.120000,7.51880,0.0400000,37.5940,0.200000,0.00000,0.00000,0.00000,0.00000,15.0376,0.0800000,0.00000,0.00000,0.00000,0.00000,0.00000,0.00000,0.00000,0.00000,0.00000,0.00000,0.00000,0.00000,0.0952381,15.0376,0.0476190,7.51880,37.5940,22.5564,142.857,127.820,105.263,67.6692,0.00000,187.970,203.008,0.00000,105.263,180.451,0.00000,0.00000,0.00000,0.00000,0.00000,0.00000,0.00000,0.00000,0.00000,0.00000,0.00000,0.00000,7.51880,7.51880,0.00000,0.00000,0.00000,0.00000,0.00000,0.00000,0.00000,0.00000,0.00000,0.00000,0.00000,0.00000,0.00000,0.00000,0.00000,0.00000,NA,NA,NA,NA,NA,NA,NA,NA,NA,NA,NA,NA,NA,NA,NA,NA,"",16.3572,1,13.6487,1,
input/AVI_1_de_rat_en_de_kat.txt,1,16,100,0,4.84692,4.84692,0.95,0.95,0,90,90,6.25,5.26316,2,1.4375,0,0.0526316,0.0526316,26.9242,3.33000,0.300300,3.33000,0.300300,1.11000,0.900901,1.11000,0.900901,0.00000,0.00000,0.997933,2.92824,0.998258,2.96162,0.978723,0.520000,0.630000,0.750000,0.770000,4.84692,5.16423,5.16423,4.48350,4.48350,4.87256,4.87256,0.710000,0.740000,0.870000,0.920000,0.980000,0.980000,0.425532,0.489362,0.744681,0.851064,0.978723,0.978723,0.289474,0.368421,0.684211,0.815789,0.973684,0.973684,0.00000,0.00000,0.00000,0.00000,3.65000,3.65000,NA,NA,NA,3.65000,3.33000,4.39842,4.39842,NA,NA,NA,NA,4.39842,4.84692,4.48350,4.48350,0.150000,0.750000,1.00000,0.150000,0.750000,1.00000,NA,NA,NA,NA,NA,NA,NA,NA,NA,0.150000,0.750000,1.00000,0.710000,0.880000,0.930000,0.160000,0.190000,6.25000,0.00000,0.00000,0.00000,0.00000,0.00000,0.00000,0.00000,0.00000,0.00000,1.00000,0.00000,0.187500,0.125000,0.00000,0.00000,1.18750,190.000,1.18750,0.500000,0.00000,0.00000,0.00000,0.00000,10.0000,0.0526316,0.00000,0.00000,10.0000,0.0526316,0.00000,0.00000,0.388889,0,NA,0.916667,0,1.09091,NA,NA,0.75,NA,NA,NA,0,0.5,0.333333,0.555556,NA,0.468874,130.000,0.684211,0.684211,70.0000,0.368421,10.0000,0.0526316,0.00000,0.00000,10.0000,0.0526316,0.125000,0.0625000,0.105263,1.78947,0.540000,29.6525,0.490000,23.2985,NA,0.00000,0.680851,35.4586,0.684211,470.000,2.47368,380.000,0.00000,100.000,0.526316,50.0000,0.263158,50.0000,0.263158,110.000,0.578947,120.000,0.631579,0.0606061,0.105263,40.0000,0.210526,0.750000,4.00000,10.0000,0.0526316,1.00000,1.00000,10.0000,0.0526316,1.00000,0.00000,0.00000,0.00000,NA,0.00000,20.0000,0.105263,0.500000,2.00000,0.00000,0.00000,NA,0.00000,10.0000,0.0526316,1.00000,1.00000,0.00000,0.00000,10.0000,0.00000,NA,0.00000,NA,0.00000,1.00000,1.00000,NA,0.00000,190.000,190.000,0.00000,0.00000,0.650000,130.000,0.150000,30.0000,0.00000,0.00000,0.100000,20.0000,0.00000,0.00000,0.0500000,10.0000,0.00000,0.00000,0.00000,0.00000,0.00000,0.00000,0.00000,0.00000,0.00000,0.00000,0.00000,0.00000,0.00000,0.00000,0.0500000,1.00000,0.00000,0.00000,0.00000,0.00000,0.00000,0.00000,0.00000,0.00000,0.00000,0.00000,0.00000,0.00000,0.00000,0.00000,0.00000,0.250000,10.0000,0.00000,0.00000,0.00000,0.00000,0.00000,0.00000,0.00000,0.00000,0.00000,0.00000,0.00000,0.00000,0.00000,0.00000,0.250000,10.0000,0.00000,0.00000,0.00000,0.00000,0.00000,0.00000,0.250000,10.0000,0.00000,0.00000,0.00000,0.00000,0.00000,0.00000,0.00000,0.00000,0.00000,0.00000,0.00000,0.00000,0.250000,10.0000,0.00000,0.00000,0.250000,10.0000,0.500000,20.0000,0.250000,10.0000,0.250000,0.750000,1.00000,0.111111,20.0000,0.500000,90.0000,0.388889,0.947368,0.00000,0.00000,0.00000,0.00000,0.00000,0.00000,0.00000,0.00000,0.00000,0.00000,0.00000,0.00000,0.00000,0.00000,0.523810,220.000,80.0000,0.888889,10.0000,0.111111,1.00000,20.0000,30.0000,40.0000,NA,0.00000,0.00000,0.00000,0.00000,0.00000,0.00000,0.157895,30.0000,0.368421,70.0000,0.315789,60.0000,0.00000,150.000,0.789474,10.0000,0.0526316,10.0000,0.0526316,30.0000,0.157895,0.00000,0.00000,0.00000,0.00000,0.00000,0.00000,0.00000,0.00000,0.00000,0.00000,0.00000,0.00000,0.00000,0.00000,0.00000,0.00000,0.00000,0.00000,0.00000,0.00000,0.00000,0.00000,40.0000,40.0000,160.000,140.000,120.000,90.0000,0.00000,200.000,190.000,0.00000,20.0000,170.000,0.00000,0.00000,0.00000,0.00000,0.00000,0.00000,0.00000,0.00000,0.00000,0.00000,0.00000,0.00000,30.0000,0.00000,10.0000,10.0000,0.00000,10.0000,0.00000,0.00000,0.00000,0.00000,0.00000,0.00000,0.00000,0.00000,0.00000,0.00000,0.00000,0.00000,NA,NA,NA,NA,NA,NA,NA,NA,NA,NA,NA,NA,NA,NA,NA,NA,"",22.1493,1,17.1267,1,
input/AVI_1_de_mus_en_de_beer.txt,1,15,103,0,5.08983,5.08983,0.789474,0.789474,0,116.505,97.0874,6.86667,6.05882,2.35294,1.8,0,0.0588235,0,15.8879,3.26214,0.306548,3.26214,0.306548,1.02913,0.971698,1.02913,0.971698,0.00000,0.00000,0.997768,2.92093,0.998022,2.92641,0.980392,0.592233,0.699029,0.805825,0.834951,5.08983,5.33915,5.33915,4.68659,4.68659,5.00448,5.00448,0.776699,0.825243,0.883495,0.902913,0.961165,0.980583,0.549020,0.647059,0.764706,0.803922,0.921569,0.960784,0.425000,0.550000,0.700000,0.750000,0.900000,0.950000,0.00000,0.00000,0.00000,0.00000,3.68421,3.68421,NA,NA,NA,3.68421,3.26214,4.42770,4.42770,NA,NA,NA,NA,4.42770,5.08983,4.68659,4.68659,0.210526,0.631579,1.00000,0.210526,0.631579,1.00000,NA,NA,NA,NA,NA,NA,NA,NA,NA,0.210526,0.631579,1.00000,0.776699,0.864078,0.932039,0.145631,0.165049,6.86667,0.00000,0.00000,0.00000,0.00000,0.00000,0.00000,0.00000,0.00000,0.00000,1.13333,0.00000,0.00000,0.266667,0.00000,0.00000,1.13333,174.757,1.20000,0.533333,0.00000,0.00000,0.00000,0.00000,9.70874,0.0588235,0.00000,0.00000,9.70874,0.0588235,0.00000,0.00000,0.470588,1.33333,NA,1.875,0,1,NA,NA,1.5,NA,NA,NA,0,0.8,1.33333,0.111111,NA,0.510684,135.922,0.823529,0.823529,87.3786,0.529412,9.70874,0.0588235,0.00000,0.00000,9.70874,0.0588235,0.00000,0.00000,0.00000,1.88235,0.553398,37.0156,0.543689,35.2347,NA,0.00000,0.647059,18.9370,0.675000,495.146,3.00000,388.350,0.00000,97.0874,0.588235,97.0874,0.588235,97.0874,0.588235,87.3786,0.529412,87.3786,0.529412,0.178571,0.294118,58.2524,0.352941,0.333333,2.00000,0.00000,0.00000,NA,0.00000,19.4175,0.117647,0.500000,2.00000,38.8350,0.235294,0.250000,2.00000,19.4175,0.117647,0.500000,2.00000,0.00000,0.00000,NA,0.00000,0.00000,0.00000,NA,0.00000,0.00000,0.00000,0.00000,29.1262,NA,0.00000,NA,0.00000,NA,0.00000,0.666667,3.00000,145.631,145.631,0.105263,19.4175,0.368421,67.9612,0.157895,29.1262,0.00000,0.00000,0.00000,0.00000,0.105263,19.4175,0.0526316,9.70874,0.00000,0.00000,0.00000,0.00000,0.00000,0.00000,0.00000,0.00000,0.00000,0.00000,0.00000,0.00000,0.0526316,9.70874,0.157895,1.00000,0.00000,0.00000,0.00000,0.00000,0.00000,0.00000,0.00000,0.00000,0.00000,0.00000,0.00000,0.00000,0.00000,0.00000,0.00000,0.200000,19.4175,0.100000,9.70874,0.00000,0.00000,0.100000,9.70874,0.00000,0.00000,0.00000,0.00000,0.00000,0.00000,0.00000,0.00000,0.100000,9.70874,0.00000,0.00000,0.00000,0.00000,0.00000,0.00000,0.00000,0.00000,0.00000,0.00000,0.300000,29.1262,0.00000,0.00000,0.00000,0.00000,0.00000,0.00000,0.00000,0.00000,0.300000,29.1262,0.00000,0.00000,0.300000,29.1262,0.400000,38.8350,0.300000,29.1262,0.300000,0.700000,0.909091,0.166667,29.1262,0.555556,97.0874,0.277778,1.00000,0.00000,0.00000,0.00000,0.00000,0.00000,0.00000,0.00000,0.00000,0.00000,0.00000,0.00000,0.00000,0.00000,0.00000,0.446809,203.883,106.796,1.00000,0.00000,0.00000,1.00000,9.70874,38.8350,48.5437,NA,0.00000,0.00000,0.00000,0.00000,0.00000,0.00000,0.166667,29.1262,0.555556,97.0874,0.222222,38.8350,0.0555556,48.5437,0.294118,0.00000,0.00000,9.70874,0.0588235,67.9612,0.411765,0.00000,0.00000,0.00000,0.00000,0.00000,0.00000,0.00000,0.00000,0.00000,0.00000,0.00000,0.00000,0.00000,0.00000,0.00000,0.00000,0.00000,0.00000,0.00000,0.00000,0.00000,0.00000,106.796,38.8350,165.049,135.922,87.3786,106.796,0.00000,184.466,174.757,0.00000,0.00000,145.631,0.00000,0.00000,0.00000,0.00000,0.00000,0.00000,0.00000,0.00000,0.00000,0.00000,0.00000,0.00000,48.5437,29.1262,0.00000,0.00000,0.00000,19.4175,0.00000,0.00000,29.1262,19.4175,0.00000,0.00000,0.00000,9.70874,0.00000,0.00000,19.4175,0.00000,NA,NA,NA,NA,NA,NA,NA,NA,NA,NA,NA,NA,NA,NA,NA,NA,"",17.8134,1,17.2139,1,
input/AVI_1_een_trol_in_het_bos.txt,1,16,101,0,5.20528,5.20528,0.8,0.75,0,168.317,108.911,6.3125,6.3125,2.25,2.125,0,0,0,15.5094,3.26733,0.306061,3.26733,0.306061,1.07921,0.926606,1.07921,0.926606,0.00000,0.00000,0.997513,2.92103,0.997450,2.93507,1.00000,0.623762,0.712871,0.752475,0.831683,5.20528,5.41245,5.41245,4.53353,4.53353,4.84069,4.84069,0.732673,0.851485,0.900990,0.940594,0.940594,1.00000,0.500000,0.722222,0.814815,0.888889,0.888889,1.00000,0.250000,0.583333,0.722222,0.833333,0.833333,1.00000,0.00000,0.00000,0.00000,0.00000,3.75000,3.75000,NA,NA,NA,3.75000,3.26733,4.15209,4.15209,NA,NA,NA,NA,4.15209,5.20528,4.53353,4.53353,0.00000,0.700000,1.00000,0.00000,0.700000,1.00000,NA,NA,NA,NA,NA,NA,NA,NA,NA,0.00000,0.700000,1.00000,0.732673,0.900990,0.960396,0.158416,0.158416,6.31250,0.00000,0.00000,0.00000,0.00000,0.00000,0.00000,0.00000,0.00000,0.00000,0.875000,0.00000,0.0625000,0.00000,0.00000,0.00000,0.937500,118.812,0.750000,0.500000,0.0625000,0.00000,0.00000,0.00000,39.6040,0.250000,0.00000,0.00000,39.6040,0.250000,0.00000,0.00000,0.733333,2,NA,2.14286,0,0.875,7,1,NA,NA,NA,NA,NA,1.8,1,0.588235,NA,0.72996,198.020,1.25000,1.25000,108.911,0.687500,0.00000,0.00000,0.00000,0.00000,0.00000,0.00000,0.00000,0.00000,0.00000,2.25000,0.514851,43.1812,0.485149,34.9100,NA,0.00000,0.574074,19.4037,0.583333,534.653,3.37500,356.436,0.00000,128.713,0.812500,69.3069,0.437500,69.3069,0.437500,118.812,0.750000,128.713,0.812500,0.0689655,0.125000,29.7030,0.187500,1.00000,3.00000,0.00000,0.00000,NA,0.00000,0.00000,0.00000,NA,0.00000,0.00000,0.00000,NA,0.00000,9.90099,0.0625000,1.00000,1.00000,19.8020,0.125000,1.00000,2.00000,0.00000,0.00000,NA,0.00000,0.00000,0.00000,49.5050,29.7030,NA,0.00000,NA,0.00000,0.400000,2.50000,0.666667,3.00000,148.515,158.416,0.300000,59.4059,0.200000,39.6040,0.00000,0.00000,0.00000,0.00000,0.00000,0.00000,0.250000,49.5050,0.00000,0.00000,0.0500000,9.90099,0.00000,0.00000,0.00000,0.00000,0.00000,0.00000,0.00000,0.00000,0.00000,0.00000,0.100000,19.8020,0.100000,1.00000,0.00000,0.00000,0.00000,0.00000,0.00000,0.00000,0.00000,0.00000,0.00000,0.00000,0.00000,0.00000,0.00000,0.00000,0.00000,0.333333,29.7030,0.00000,0.00000,0.00000,0.00000,0.00000,0.00000,0.00000,0.00000,0.00000,0.00000,0.00000,0.00000,0.00000,0.00000,0.00000,0.00000,0.00000,0.00000,0.00000,0.00000,0.00000,0.00000,0.111111,9.90099,0.00000,0.00000,0.222222,19.8020,0.00000,0.00000,0.00000,0.00000,0.00000,0.00000,0.00000,0.00000,0.333333,29.7030,0.00000,0.00000,0.333333,29.7030,0.333333,29.7030,0.333333,29.7030,0.333333,0.666667,1.00000,0.00000,0.00000,0.615385,79.2079,0.384615,1.00000,0.00000,0.00000,0.00000,0.00000,0.00000,0.00000,0.00000,0.00000,0.00000,0.00000,0.00000,0.00000,0.00000,0.00000,0.428571,178.218,128.713,0.722222,49.5050,0.277778,1.00000,19.8020,19.8020,69.3069,NA,0.00000,0.00000,0.00000,0.00000,0.00000,0.00000,0.00000,0.00000,0.615385,79.2079,0.230769,29.7030,0.0769231,99.0099,0.625000,9.90099,0.0625000,9.90099,0.0625000,39.6040,0.250000,0.00000,0.00000,0.00000,0.00000,9.90099,0.0625000,0.00000,0.00000,0.00000,0.00000,0.00000,0.00000,0.00000,0.00000,0.00000,0.00000,0.00000,0.00000,0.00000,0.00000,0.00000,0.00000,89.1089,19.8020,198.020,108.911,79.2079,178.218,0.00000,198.020,128.713,0.00000,0.00000,158.416,0.00000,0.00000,0.00000,0.00000,0.00000,0.00000,0.00000,0.00000,0.00000,0.00000,0.00000,0.00000,49.5050,19.8020,0.00000,9.90099,0.00000,19.8020,0.00000,0.00000,9.90099,0.00000,0.00000,0.00000,0.00000,9.90099,0.00000,0.00000,0.00000,0.00000,NA,NA,NA,NA,NA,NA,NA,NA,NA,NA,NA,NA,NA,NA,NA,NA,"",15.5361,1,15.2852,1,
input/AVI_2_naar_de_zoo.txt,1,16,142,0,5.29843,5.29843,0.888889,0.518519,7.04225,133.803,98.5915,8.875,5.46154,1.73077,3.125,0.4375,0.192308,0,46.7442,3.25352,0.307359,3.24286,0.308370,1.04930,0.953020,1.05000,0.952381,0.0740741,14.0845,0.993384,2.82700,0.991158,2.81508,0.982759,0.619718,0.739437,0.852113,0.866197,5.21417,5.32848,5.41682,4.94305,5.04017,5.08997,5.19393,0.845070,0.887324,0.922535,0.922535,0.957746,0.985915,0.637931,0.741379,0.827586,0.827586,0.913793,0.965517,0.533333,0.666667,0.777778,0.777778,0.888889,0.955556,0.00000,0.00000,0.00000,0.00000,4.08000,4.08000,NA,NA,NA,4.08000,3.25352,4.69814,4.69814,NA,NA,NA,NA,4.69814,5.21417,4.94305,5.04017,0.440000,0.680000,1.00000,0.440000,0.680000,1.00000,NA,NA,NA,NA,NA,NA,NA,NA,NA,0.440000,0.680000,1.00000,0.845070,0.887324,0.950704,0.112676,0.183099,8.87500,0.250000,0.125000,0.0625000,0.437500,0.00000,0.00000,0.00000,0.00000,0.00000,1.00000,0.437500,0.187500,0.187500,0.0625000,0.00000,1.62500,183.099,1.62500,2.12500,0.250000,0.00000,0.00000,0.00000,14.0845,0.0769231,0.00000,0.00000,14.0845,0.0769231,0.00000,0.00000,0.961538,2,NA,2,0,0.75,3.5,3,1,1,NA,2,7,5.5,1.33333,0.722222,NA,0.978423,183.099,1.00000,0.923077,91.5493,0.500000,63.3803,0.346154,0.00000,0.00000,63.3803,0.346154,0.00000,0.00000,0.00000,2.11538,0.556338,61.5417,0.528169,48.0822,0.500000,2.00000,0.775862,57.8673,0.777778,408.451,2.23077,316.901,0.00000,42.2535,0.230769,77.4648,0.423077,70.4225,0.384615,91.5493,0.500000,105.634,0.576923,0.209302,0.346154,7.04225,0.0384615,1.00000,1.00000,0.00000,0.00000,NA,0.00000,21.1268,0.115385,0.666667,1.00000,7.04225,0.0384615,1.00000,1.00000,0.00000,0.00000,NA,0.00000,0.00000,0.00000,NA,0.00000,0.00000,0.00000,NA,0.00000,0.00000,7.04225,21.1268,0.00000,NA,0.00000,1.00000,1.00000,0.666667,3.00000,NA,0.00000,98.5915,169.014,0.185185,35.2113,0.185185,35.2113,0.00000,0.00000,0.00000,0.00000,0.0740741,14.0845,0.0740741,14.0845,0.00000,0.00000,0.222222,42.2535,0.148148,28.1690,0.00000,0.00000,0.00000,0.00000,0.00000,0.00000,0.00000,0.00000,0.0370370,7.04225,0.0740741,1.00000,0.0370370,7.04225,0.0370370,0.00000,0.00000,0.00000,0.00000,0.00000,0.00000,0.00000,0.00000,0.00000,0.00000,0.00000,0.00000,0.00000,0.00000,0.200000,7.04225,0.00000,0.00000,0.200000,7.04225,0.00000,0.00000,0.00000,0.00000,0.00000,0.00000,0.00000,0.00000,0.00000,0.00000,0.00000,0.00000,0.00000,0.00000,0.00000,0.00000,0.200000,7.04225,0.00000,0.00000,0.00000,0.00000,0.00000,0.00000,0.00000,0.00000,0.00000,0.00000,0.00000,0.00000,0.200000,7.04225,0.00000,0.00000,0.200000,7.04225,0.200000,7.04225,0.200000,7.04225,0.600000,0.400000,1.00000,0.0384615,7.04225,0.653846,119.718,0.307692,0.962963,7.04225,0.0384615,7.04225,0.0384615,0.00000,0.00000,0.00000,0.00000,7.04225,0.0384615,0.00000,0.00000,0.00000,0.00000,0.275862,112.676,77.4648,0.846154,14.0845,0.153846,1.00000,70.4225,7.04225,21.1268,0.00000,0.00000,0.00000,14.0845,0.00000,0.00000,0.00000,0.148148,28.1690,0.629630,119.718,0.185185,35.2113,0.00000,154.930,0.846154,35.2113,0.192308,28.1690,0.153846,35.2113,0.192308,0.00000,0.00000,0.00000,0.00000,7.04225,0.0384615,0.00000,0.00000,0.00000,0.00000,0.00000,0.00000,0.00000,0.00000,0.00000,0.00000,0.00000,0.00000,0.00000,0.00000,0.00000,0.00000,35.2113,28.1690,225.352,98.5915,112.676,91.5493,21.1268,176.056,190.141,0.00000,21.1268,154.930,0.00000,0.00000,0.00000,0.00000,0.00000,0.00000,0.00000,0.00000,0.00000,0.00000,0.00000,0.00000,14.0845,0.00000,0.00000,0.00000,14.0845,0.00000,0.00000,0.00000,7.04225,7.04225,0.00000,0.00000,0.00000,0.00000,0.00000,0.00000,7.04225,0.00000,NA,NA,NA,NA,NA,NA,NA,NA,NA,NA,NA,NA,NA,NA,NA,NA,"",16.5179,1,11.9880,1,
input/AVI_2_ken_je_rein.txt,1,19,147,0,5.27101,5.27101,0.84,0.72,6.80272,129.252,129.252,7.73684,6.125,2.375,3.15789,0.157895,0.166667,0.208333,64.98,3.10884,0.321663,3.10884,0.321663,1.04082,0.960784,1.04082,0.960784,0.00000,0.00000,0.996979,2.90058,0.996602,2.89564,1.00000,0.578231,0.700680,0.809524,0.857143,5.27101,5.37207,5.37207,4.94527,4.94527,5.07626,5.07626,0.789116,0.904762,0.904762,0.938776,0.965986,0.986395,0.594595,0.810811,0.810811,0.878378,0.932432,0.972973,0.473684,0.754386,0.754386,0.842105,0.912281,0.964912,0.00000,0.00000,0.00000,0.00000,3.65385,3.65385,NA,NA,NA,3.65385,3.10884,4.55810,4.55810,NA,NA,NA,NA,4.55810,5.27101,4.94527,4.94527,0.192308,0.769231,1.00000,0.192308,0.769231,1.00000,NA,NA,NA,NA,NA,NA,NA,NA,NA,0.192308,0.769231,1.00000,0.789116,0.904762,0.945578,0.129252,0.163265,7.73684,0.00000,0.00000,0.157895,0.157895,0.00000,0.00000,0.00000,0.00000,0.00000,1.00000,0.157895,0.105263,0.210526,0.00000,0.00000,1.26316,163.265,1.26316,1.15789,0.0526316,0.00000,0.00000,0.00000,13.6054,0.0833333,0.00000,0.00000,13.6054,0.0833333,0.00000,0.00000,0.76,1.63636,NA,3.2,0,0.875,3,4,1,1,NA,2.25,1,0.5,1.57143,1,NA,0.89974,136.054,0.833333,0.833333,40.8163,0.250000,27.2109,0.166667,6.80272,0.0416667,20.4082,0.125000,0.473684,0.263158,0.375000,2.20833,0.551020,42.0172,0.510204,41.3758,NA,0.00000,0.702703,63.0533,0.754386,503.401,3.08333,387.755,0.00000,61.2245,0.375000,115.646,0.708333,122.449,0.750000,115.646,0.708333,129.252,0.791667,0.127660,0.250000,27.2109,0.166667,0.750000,4.24000,0.00000,0.00000,NA,0.00000,27.2109,0.166667,0.250000,2.00000,13.6054,0.0833333,0.500000,2.00000,0.00000,0.00000,NA,0.00000,0.00000,0.00000,NA,0.00000,13.6054,0.0833333,1.00000,2.00000,0.00000,13.6054,40.8163,6.80272,NA,0.00000,1.00000,2.00000,0.666667,6.00000,1.00000,1.00000,122.449,142.857,0.00000,0.00000,0.360000,61.2245,0.00000,0.00000,0.00000,0.00000,0.120000,20.4082,0.240000,40.8163,0.00000,0.00000,0.120000,20.4082,0.00000,0.00000,0.00000,0.00000,0.00000,0.00000,0.0400000,6.80272,0.00000,0.00000,0.0800000,13.6054,0.0400000,0.961538,0.0400000,6.80272,0.0400000,0.00000,0.00000,0.00000,0.00000,6.80272,0.0400000,0.00000,0.00000,0.00000,0.00000,0.00000,0.00000,0.00000,0.00000,0.100000,6.80272,0.00000,0.00000,0.100000,6.80272,0.00000,0.00000,0.00000,0.00000,0.00000,0.00000,0.00000,0.00000,0.100000,6.80272,0.00000,0.00000,0.00000,0.00000,0.00000,0.00000,0.200000,13.6054,0.00000,0.00000,0.200000,13.6054,0.00000,0.00000,0.00000,0.00000,0.00000,0.00000,0.00000,0.00000,0.400000,27.2109,0.00000,0.00000,0.100000,6.80272,0.200000,13.6054,0.400000,27.2109,0.400000,0.600000,0.833333,0.166667,27.2109,0.416667,68.0272,0.416667,1.00000,13.6054,0.0833333,13.6054,0.0833333,0.00000,0.00000,0.00000,0.00000,13.6054,0.0833333,0.00000,0.00000,0.00000,0.00000,0.389831,156.463,88.4354,0.764706,27.2109,0.235294,1.00000,88.4354,13.6054,27.2109,NA,0.00000,0.00000,0.00000,0.00000,0.00000,0.00000,0.166667,27.2109,0.500000,81.6327,0.166667,27.2109,0.0833333,149.660,0.916667,6.80272,0.0416667,0.00000,0.00000,27.2109,0.166667,0.00000,0.00000,0.00000,0.00000,0.00000,0.00000,0.00000,0.00000,0.00000,0.00000,0.00000,0.00000,0.00000,0.00000,0.00000,0.00000,0.00000,0.00000,0.00000,0.00000,0.105263,13.6054,81.6327,40.8163,204.082,122.449,88.4354,115.646,0.00000,176.871,163.265,0.00000,6.80272,163.265,0.00000,0.00000,0.00000,0.00000,0.00000,0.00000,0.00000,0.00000,0.00000,0.00000,0.00000,0.00000,47.6190,13.6054,6.80272,13.6054,0.00000,13.6054,0.00000,0.00000,0.00000,0.00000,0.00000,0.00000,0.00000,0.00000,0.00000,0.00000,0.00000,0.00000,NA,NA,NA,NA,NA,NA,NA,NA,NA,NA,NA,NA,NA,NA,NA,NA,"",16.9097,1,15.5732,1,
input/AVI_1_boer_jan_en_de_koe.txt,1,16,107,0,5.05371,5.05371,0.961538,0.961538,0,112.15,65.4206,6.6875,5.94444,2.27778,1.75,0,0.333333,0.0555556,9.58614,3.13084,0.319403,3.13084,0.319403,1.06542,0.938596,1.06542,0.938596,0.00000,0.00000,0.992633,2.80673,0.992449,2.84808,1.00000,0.514019,0.626168,0.869159,0.906542,5.05371,5.27290,5.27290,4.70978,4.70978,4.98229,4.98229,0.719626,0.841121,0.887850,0.925234,0.981308,0.981308,0.470588,0.725490,0.823529,0.901961,0.980392,0.980392,0.341463,0.658537,0.780488,0.878049,0.975610,0.975610,0.00000,0.00000,0.00000,0.00000,3.61538,3.61538,NA,NA,NA,3.61538,3.13084,4.35413,4.35413,NA,NA,NA,NA,4.35413,5.05371,4.70978,4.70978,0.115385,0.807692,0.961538,0.115385,0.807692,0.961538,NA,NA,NA,NA,NA,NA,NA,NA,NA,0.115385,0.807692,0.961538,0.719626,0.887850,0.925234,0.149533,0.168224,6.68750,0.00000,0.00000,0.00000,0.00000,0.00000,0.00000,0.00000,0.00000,0.00000,0.937500,0.00000,0.187500,0.00000,0.00000,0.00000,1.12500,177.570,1.18750,0.125000,0.00000,0.00000,0.00000,0.00000,28.0374,0.166667,0.00000,0.00000,28.0374,0.166667,0.00000,0.00000,0.352941,0.9,NA,1.25,0,1,NA,NA,0.5,NA,NA,3,0,2.33333,2,0.444444,NA,0.572396,121.495,0.722222,0.722222,65.4206,0.388889,56.0748,0.333333,0.00000,0.00000,56.0748,0.333333,0.125000,0.0625000,0.111111,2.11111,0.504673,32.4592,0.495327,32.0929,NA,0.00000,0.627451,21.6390,0.585366,476.636,2.83333,383.178,0.00000,74.7664,0.444444,74.7664,0.444444,74.7664,0.444444,102.804,0.611111,112.150,0.666667,0.117647,0.222222,0.00000,0.00000,NA,0.00000,0.00000,0.00000,NA,0.00000,9.34579,0.0555556,1.00000,0.00000,0.00000,0.00000,NA,0.00000,0.00000,0.00000,NA,0.00000,0.00000,0.00000,NA,0.00000,0.00000,0.00000,NA,0.00000,0.00000,9.34579,18.6916,9.34579,NA,0.00000,1.00000,1.00000,1.00000,2.00000,1.00000,1.00000,233.645,233.645,0.192308,46.7290,0.115385,28.0374,0.269231,65.4206,0.00000,0.00000,0.346154,84.1121,0.00000,0.00000,0.0384615,9.34579,0.00000,0.00000,0.00000,0.00000,0.00000,0.00000,0.00000,0.00000,0.00000,0.00000,0.00000,0.00000,0.00000,0.00000,0.0384615,1.00000,0.00000,0.00000,0.00000,0.00000,0.00000,0.00000,0.00000,0.00000,0.00000,0.00000,0.00000,0.00000,0.00000,0.00000,0.00000,0.00000,0.00000,0.166667,9.34579,0.00000,0.00000,0.166667,9.34579,0.00000,0.00000,0.00000,0.00000,0.00000,0.00000,0.00000,0.00000,0.166667,9.34579,0.00000,0.00000,0.00000,0.00000,0.00000,0.00000,0.166667,9.34579,0.00000,0.00000,0.00000,0.00000,0.00000,0.00000,0.00000,0.00000,0.166667,9.34579,0.00000,0.00000,0.166667,9.34579,0.00000,0.00000,0.166667,9.34579,0.333333,18.6916,0.166667,9.34579,0.333333,0.666667,1.00000,0.00000,0.00000,0.842105,149.533,0.157895,1.00000,0.00000,0.00000,0.00000,0.00000,0.00000,0.00000,0.00000,0.00000,0.00000,0.00000,0.00000,0.00000,0.00000,0.00000,0.509804,242.991,74.7664,0.800000,18.6916,0.200000,1.00000,37.3832,0.00000,28.0374,NA,0.00000,0.00000,0.00000,0.00000,0.00000,0.00000,0.368421,65.4206,0.631579,112.150,0.00000,0.00000,0.00000,168.224,1.00000,56.0748,0.333333,0.00000,0.00000,37.3832,0.222222,0.00000,0.00000,0.00000,0.00000,0.00000,0.00000,0.00000,0.00000,0.00000,0.00000,0.00000,0.00000,0.00000,0.00000,0.00000,0.00000,0.00000,0.00000,0.0625000,9.34579,0.00000,0.00000,56.0748,9.34579,130.841,186.916,74.7664,93.4579,0.00000,242.991,177.570,18.6916,9.34579,177.570,0.00000,0.00000,0.00000,0.00000,0.00000,0.00000,0.00000,0.00000,0.00000,0.00000,0.00000,0.00000,18.6916,0.00000,9.34579,9.34579,0.00000,0.00000,0.00000,0.00000,0.00000,0.00000,0.00000,0.00000,0.00000,0.00000,0.00000,0.00000,0.00000,0.00000,NA,NA,NA,NA,NA,NA,NA,NA,NA,NA,NA,NA,NA,NA,NA,NA,"",20.1050,1,15.1785,1,
input/AVI_2_pa_haas_kookt.txt,1,19,143,0,4.9561,4.9561,0.882353,0.823529,0,104.895,69.9301,7.52632,6.5,2.68182,2.42105,0.0526316,0.272727,0.227273,30.1487,3.21678,0.310870,3.20567,0.311947,1.10490,0.905063,1.10638,0.903846,0.0555556,13.9860,0.996937,2.86071,0.996805,2.89881,1.00000,0.580420,0.671329,0.776224,0.797203,4.90901,5.06693,5.11219,4.59577,4.64095,4.78312,4.82716,0.741259,0.825175,0.839161,0.853147,0.916084,0.972028,0.500000,0.642857,0.671429,0.700000,0.828571,0.942857,0.406780,0.576271,0.610169,0.644068,0.796610,0.932203,0.00000,0.00000,0.00000,0.00000,3.61765,3.61765,NA,NA,NA,3.61765,3.21678,4.28678,4.28678,NA,NA,NA,NA,4.28678,4.90901,4.59577,4.64095,0.264706,0.558824,1.00000,0.264706,0.558824,1.00000,NA,NA,NA,NA,NA,NA,NA,NA,NA,0.264706,0.558824,1.00000,0.741259,0.811189,0.916084,0.132867,0.153846,7.52632,0.00000,0.00000,0.0526316,0.0526316,0.00000,0.00000,0.00000,0.00000,0.00000,0.947368,0.0526316,0.105263,0.157895,0.00000,0.00000,1.10526,146.853,1.10526,0.894737,0.00000,0.00000,0.00000,0.00000,6.99301,0.0454545,0.00000,0.00000,6.99301,0.0454545,0.00000,0.00000,0.454545,1.25,NA,1.16667,0,1,3,NA,1.08333,NA,NA,2.5,9,0.666667,1,0.454545,NA,0.718546,139.860,0.909091,0.909091,41.9580,0.272727,41.9580,0.272727,0.00000,0.00000,41.9580,0.272727,0.473684,0.263158,0.409091,2.40909,0.475524,50.1981,0.468531,49.5877,0.500000,2.00000,0.628571,32.0353,0.627119,489.510,3.18182,412.587,0.00000,104.895,0.681818,83.9161,0.545455,83.9161,0.545455,160.839,1.04545,167.832,1.09091,0.0851064,0.181818,41.9580,0.272727,0.333333,3.00000,0.00000,0.00000,NA,0.00000,27.9720,0.181818,0.250000,3.00000,20.9790,0.136364,0.333333,3.00000,20.9790,0.136364,0.333333,3.00000,0.00000,0.00000,NA,0.00000,0.00000,0.00000,NA,0.00000,0.00000,0.00000,34.9650,6.99301,NA,0.00000,NA,0.00000,0.800000,7.00000,1.00000,1.00000,195.804,209.790,0.147059,34.9650,0.294118,69.9301,0.0882353,20.9790,0.00000,0.00000,0.235294,55.9441,0.0588235,13.9860,0.00000,0.00000,0.0294118,6.99301,0.0294118,6.99301,0.00000,0.00000,0.00000,0.00000,0.00000,0.00000,0.00000,0.00000,0.0294118,6.99301,0.0882353,0.944444,0.00000,0.00000,0.00000,0.00000,0.00000,0.00000,0.00000,0.00000,0.00000,0.00000,0.00000,0.00000,0.00000,0.00000,0.00000,0.00000,0.00000,0.00000,0.00000,0.00000,0.00000,0.00000,0.00000,0.00000,0.00000,0.00000,0.00000,0.00000,0.00000,0.00000,0.00000,0.00000,0.00000,0.00000,0.00000,0.00000,0.00000,0.00000,0.00000,0.166667,6.99301,0.00000,0.00000,0.166667,6.99301,0.00000,0.00000,0.00000,0.00000,0.00000,0.00000,0.00000,0.00000,0.333333,13.9860,0.00000,0.00000,0.00000,0.00000,0.00000,0.00000,0.333333,13.9860,0.666667,0.333333,0.857143,0.285714,41.9580,0.285714,41.9580,0.428571,1.00000,0.00000,0.00000,0.00000,0.00000,0.00000,0.00000,0.00000,0.00000,0.00000,0.00000,0.00000,0.00000,0.00000,0.00000,0.557377,237.762,55.9441,0.727273,20.9790,0.272727,1.00000,0.00000,0.00000,69.9301,1.00000,0.0555556,13.9860,0.00000,0.00000,0.00000,0.00000,0.142857,20.9790,0.428571,62.9371,0.142857,20.9790,0.238095,146.853,0.954545,0.00000,0.00000,13.9860,0.0909091,20.9790,0.136364,0.00000,0.00000,0.00000,0.00000,0.00000,0.00000,0.00000,0.00000,0.00000,0.00000,0.00000,0.00000,0.00000,0.00000,0.00000,0.00000,0.00000,0.00000,0.00000,0.00000,0.105263,13.9860,48.9510,48.9510,153.846,125.874,132.867,76.9231,0.00000,237.762,146.853,0.00000,27.9720,146.853,0.00000,0.00000,0.00000,0.00000,0.00000,0.00000,0.00000,0.00000,0.00000,0.00000,0.00000,0.00000,13.9860,6.99301,0.00000,0.00000,0.00000,0.00000,0.00000,6.99301,0.00000,0.00000,0.00000,0.00000,0.00000,0.00000,0.00000,0.00000,0.00000,0.00000,NA,NA,NA,NA,NA,NA,NA,NA,NA,NA,NA,NA,NA,NA,NA,NA,"",22.3132,1,20.2024,1,
input/AVI_3_haast_je_rik.txt,1,17,141,0,5.54794,5.49983,0.857143,0.619048,0,148.936,134.752,8.29412,5.875,1.79167,2.58824,0.235294,0.125,0.0416667,73.96,3.35461,0.298097,3.34783,0.298701,1.07092,0.933775,1.07246,0.932432,0.136364,21.2766,0.997222,2.87211,0.997633,2.90850,0.967742,0.574468,0.751773,0.865248,0.865248,5.39093,5.53142,5.64662,4.93833,5.06501,5.13961,5.28015,0.858156,0.900709,0.929078,0.950355,0.964539,0.971631,0.758065,0.806452,0.854839,0.887097,0.919355,0.935484,0.651163,0.720930,0.790698,0.837209,0.883721,0.906977,7.09220,0.0526316,0.00000,0.00000,4.42105,4.16667,9.00000,4.00000,6.00000,4.15789,3.31915,4.74331,4.83352,3.11947,5.95788,5.39846,5.67817,4.89270,5.43671,5.00434,5.13597,0.526316,0.842105,1.00000,0.555556,0.888889,1.00000,0.00000,0.00000,1.00000,1.00000,1.00000,1.00000,1.00000,1.00000,1.00000,0.578947,0.894737,1.00000,0.865248,0.914894,0.929078,0.120567,0.170213,8.29412,0.00000,0.235294,0.00000,0.235294,0.00000,0.00000,0.00000,0.00000,0.00000,0.705882,0.176471,0.529412,0.0588235,0.00000,0.117647,1.41176,156.028,1.29412,1.00000,0.0588235,0.00000,7.09220,0.0416667,21.2766,0.125000,0.00000,0.00000,21.2766,0.125000,0.00000,0.00000,0.95,0.8,NA,1.72727,0.0909091,0.583333,1.33333,3.33333,1.25,1.66667,NA,1.66667,2,2,2.33333,1,NA,0.924829,191.489,1.12500,0.958333,78.0142,0.458333,21.2766,0.125000,7.09220,0.0416667,14.1844,0.0833333,0.0588235,0.0588235,0.0416667,2.12500,0.638298,85.8708,0.624113,80.4133,0.666667,3.00000,0.774194,56.3965,0.837209,439.716,2.58333,304.965,0.00000,35.4610,0.208333,42.5532,0.250000,42.5532,0.250000,120.567,0.708333,127.660,0.750000,0.0232558,0.0416667,35.4610,0.208333,0.600000,5.00000,0.00000,0.00000,NA,0.00000,21.2766,0.125000,0.666667,1.00000,7.09220,0.0416667,1.00000,1.00000,21.2766,0.125000,0.333333,3.00000,0.00000,0.00000,NA,0.00000,7.09220,0.0416667,1.00000,1.00000,0.00000,21.2766,56.7376,0.00000,NA,0.00000,0.666667,3.00000,0.625000,8.00000,NA,0.00000,92.1986,127.660,0.0952381,14.1844,0.00000,0.00000,0.142857,21.2766,0.0952381,14.1844,0.142857,21.2766,0.142857,21.2766,0.00000,0.00000,0.0952381,14.1844,0.142857,21.2766,0.00000,0.00000,0.00000,0.00000,0.00000,0.00000,0.00000,0.00000,0.00000,0.00000,0.142857,0.954545,0.00000,0.00000,0.00000,0.00000,0.00000,0.00000,0.00000,0.00000,0.00000,0.00000,0.00000,0.00000,0.00000,0.00000,0.00000,0.00000,0.00000,0.00000,0.00000,0.00000,0.00000,0.00000,0.00000,0.00000,0.00000,0.00000,0.00000,0.00000,0.00000,0.00000,0.00000,0.333333,14.1844,0.00000,0.00000,0.166667,7.09220,0.00000,0.00000,0.166667,7.09220,0.00000,0.00000,0.00000,0.00000,0.00000,0.00000,0.00000,0.00000,0.00000,0.00000,0.166667,7.09220,0.166667,7.09220,0.00000,0.00000,0.00000,0.00000,0.333333,14.1844,0.333333,14.1844,0.333333,0.666667,1.00000,0.160000,28.3688,0.560000,99.2908,0.280000,1.00000,7.09220,0.0400000,7.09220,0.0400000,0.00000,0.00000,0.00000,0.00000,7.09220,0.0400000,0.00000,0.00000,0.00000,0.00000,0.326923,120.567,78.0142,0.578947,56.7376,0.421053,1.00000,42.5532,63.8298,28.3688,1.00000,0.0909091,14.1844,0.00000,0.00000,0.00000,0.00000,0.240000,42.5532,0.560000,99.2908,0.0800000,14.1844,0.120000,127.660,0.750000,21.2766,0.125000,14.1844,0.0833333,28.3688,0.166667,0.00000,0.00000,0.00000,0.00000,14.1844,0.0833333,0.00000,0.00000,0.00000,0.00000,7.09220,0.0416667,0.00000,0.00000,0.00000,0.00000,0.00000,0.00000,0.235294,28.3688,0.176471,21.2766,42.5532,49.6454,234.043,28.3688,127.660,134.752,14.1844,134.752,177.305,14.1844,42.5532,191.489,0.00000,0.00000,0.00000,0.00000,0.00000,0.00000,0.00000,0.00000,0.00000,0.00000,0.00000,0.00000,7.09220,0.00000,0.00000,0.00000,0.00000,0.00000,0.00000,7.09220,14.1844,14.1844,0.00000,0.00000,0.00000,0.00000,0.00000,0.00000,7.09220,7.09220,NA,NA,NA,NA,NA,NA,NA,NA,NA,NA,NA,NA,NA,NA,NA,NA,"",10.0653,1,7.96905,1,
input/AVI_3_de_drie_zwijntjes.txt,1,18,128,0,5.11683,5.11683,0.62963,0.259259,0,93.75,85.9375,7.11111,5.81818,2.68182,2.55556,0,0.545455,0,30.7797,3.87500,0.258065,3.87500,0.258065,1.16406,0.859060,1.16406,0.859060,0.00000,0.00000,0.997084,2.85607,0.996912,2.83190,1.00000,0.453125,0.664062,0.851562,0.859375,5.11683,5.39524,5.39524,4.93961,4.93961,5.25569,5.25569,0.796875,0.835938,0.875000,0.914062,0.968750,0.968750,0.641791,0.701493,0.761194,0.835821,0.940299,0.940299,0.593220,0.661017,0.728814,0.813559,0.932203,0.932203,0.00000,0.00000,0.00000,0.00000,4.62963,4.62963,NA,NA,NA,4.62963,3.87500,4.67455,4.67455,NA,NA,NA,NA,4.67455,5.11683,4.93961,4.93961,0.444444,0.666667,0.888889,0.444444,0.666667,0.888889,NA,NA,NA,NA,NA,NA,NA,NA,NA,0.444444,0.666667,0.888889,0.796875,0.875000,0.921875,0.140625,0.171875,7.11111,0.00000,0.00000,0.00000,0.00000,0.00000,0.00000,0.00000,0.00000,0.00000,1.00000,0.00000,0.166667,0.333333,0.00000,0.00000,1.16667,179.688,1.27778,0.444444,0.00000,0.00000,0.00000,0.00000,15.6250,0.0909091,0.00000,0.00000,15.6250,0.0909091,0.00000,0.00000,1.38095,1.27273,NA,1.57143,0.238095,0.666667,4.5,NA,1.33333,NA,NA,1.42857,NA,2,NA,0.857143,NA,0.878108,85.9375,0.500000,0.500000,23.4375,0.136364,93.7500,0.545455,31.2500,0.181818,62.5000,0.363636,0.00000,0.00000,0.00000,2.04545,0.578125,53.8049,0.539062,49.7131,NA,0.00000,0.686567,50.7814,0.644068,523.438,3.04545,460.938,0.00000,62.5000,0.363636,78.1250,0.454545,85.9375,0.500000,148.438,0.863636,156.250,0.909091,0.0810811,0.136364,23.4375,0.136364,1.00000,3.00000,7.81250,0.0454545,1.00000,1.00000,23.4375,0.136364,0.333333,1.00000,7.81250,0.0454545,1.00000,1.00000,7.81250,0.0454545,1.00000,1.00000,0.00000,0.00000,NA,0.00000,0.00000,0.00000,NA,0.00000,0.00000,23.4375,46.8750,7.81250,NA,0.00000,0.666667,3.00000,1.00000,6.00000,1.00000,1.00000,54.6875,132.812,0.0370370,7.81250,0.111111,23.4375,0.0370370,7.81250,0.0370370,7.81250,0.00000,0.00000,0.0370370,7.81250,0.00000,0.00000,0.296296,62.5000,0.0740741,15.6250,0.00000,0.00000,0.00000,0.00000,0.00000,0.00000,0.00000,0.00000,0.00000,0.00000,0.370370,1.00000,0.00000,0.00000,0.00000,0.00000,0.00000,0.00000,0.00000,0.00000,0.00000,0.00000,0.00000,0.00000,0.00000,0.00000,0.00000,0.222222,15.6250,0.00000,0.00000,0.00000,0.00000,0.00000,0.00000,0.00000,0.00000,0.00000,0.00000,0.00000,0.00000,0.00000,0.00000,0.00000,0.00000,0.00000,0.00000,0.00000,0.00000,0.00000,0.00000,0.00000,0.00000,0.00000,0.00000,0.111111,7.81250,0.00000,0.00000,0.00000,0.00000,0.00000,0.00000,0.00000,0.00000,0.111111,7.81250,0.00000,0.00000,0.222222,15.6250,0.222222,15.6250,0.111111,7.81250,0.666667,0.333333,1.00000,0.208333,39.0625,0.333333,62.5000,0.458333,0.960000,0.00000,0.00000,0.00000,0.00000,0.00000,0.00000,0.00000,0.00000,0.00000,0.00000,0.00000,0.00000,0.00000,0.00000,0.233333,109.375,23.4375,0.375000,39.0625,0.625000,1.00000,31.2500,0.00000,54.6875,0.00000,0.00000,0.00000,0.00000,0.00000,23.4375,0.00000,0.360000,70.3125,0.200000,39.0625,0.0800000,15.6250,0.291667,46.8750,0.272727,0.00000,0.00000,0.00000,0.00000,15.6250,0.0909091,0.00000,0.00000,0.00000,0.00000,15.6250,0.0909091,0.00000,0.00000,0.00000,0.00000,0.00000,0.00000,0.00000,0.00000,0.00000,0.00000,0.00000,0.00000,0.222222,31.2500,0.00000,0.00000,70.3125,31.2500,109.375,132.812,132.812,62.5000,46.8750,210.938,195.312,7.81250,0.00000,164.062,0.00000,0.00000,0.00000,0.00000,0.00000,0.00000,0.00000,0.00000,0.00000,0.00000,0.00000,0.00000,7.81250,7.81250,0.00000,0.00000,0.00000,0.00000,0.00000,0.00000,0.00000,0.00000,0.00000,0.00000,0.00000,0.00000,0.00000,0.00000,0.00000,0.00000,NA,NA,NA,NA,NA,NA,NA,NA,NA,NA,NA,NA,NA,NA,NA,NA,"",20.9418,1,21.1444,1,
